AGE,us_born,weighted_count,count,weighted_mean,nativity
0,FALSE,49892,1947,5.6860218071033435,Foreign-born
1,FALSE,68784,2495,5.372950104675506,Foreign-born
2,FALSE,86398,3162,5.214275793421144,Foreign-born
3,FALSE,107788,3810,5.201330389282666,Foreign-born
4,FALSE,128353,4514,5.005095323054389,Foreign-born
5,FALSE,147617,5558,4.997899970870564,Foreign-born
6,FALSE,162544,6074,5.0300349443842896,Foreign-born
7,FALSE,180186,6747,5.0025418178992815,Foreign-born
8,FALSE,190815,7114,4.979346487435474,Foreign-born
9,FALSE,204978,7543,4.976826781410688,Foreign-born
10,FALSE,213640,8021,4.996882606253511,Foreign-born
11,FALSE,228625,8537,4.9563083652269,Foreign-born
12,FALSE,236121,8885,4.899365156000525,Foreign-born
13,FALSE,242612,9315,4.925016075049874,Foreign-born
14,FALSE,251539,9652,4.8477452800559755,Foreign-born
15,FALSE,274549,10677,4.783714382496385,Foreign-born
16,FALSE,293315,11450,4.756480234560114,Foreign-born
17,FALSE,303418,11987,4.682520483293674,Foreign-born
18,FALSE,316065,11543,4.692196225459953,Foreign-born
19,FALSE,317845,11580,4.535037518287216,Foreign-born
20,FALSE,379996,12992,4.309642733081401,Foreign-born
21,FALSE,420892,14246,4.149140397061479,Foreign-born
22,FALSE,458474,15839,3.9646762957114254,Foreign-born
23,FALSE,491749,17095,3.853689585540591,Foreign-born
24,FALSE,524000,18133,3.6607824427480917,Foreign-born
25,FALSE,585171,20461,3.656640537552271,Foreign-born
26,FALSE,604943,21291,3.5658500057030165,Foreign-born
27,FALSE,640884,22586,3.523252257818888,Foreign-born
28,FALSE,673185,24068,3.5170866849380187,Foreign-born
29,FALSE,713437,25831,3.46656537297617,Foreign-born
30,FALSE,829968,29185,3.5864647793649875,Foreign-born
31,FALSE,789790,28648,3.5774547664569063,Foreign-born
32,FALSE,851345,30884,3.6866652179786104,Foreign-born
33,FALSE,854784,31124,3.751106712339024,Foreign-born
34,FALSE,886788,32294,3.8227321524422972,Foreign-born
35,FALSE,978386,34978,3.902883933335105,Foreign-born
36,FALSE,963952,34752,3.97887135459027,Foreign-born
37,FALSE,946469,34791,4.027821302124,Foreign-born
38,FALSE,967538,35628,4.052343163782714,Foreign-born
39,FALSE,960563,35613,4.080119679812777,Foreign-born
40,FALSE,1067124,38340,4.086683459466753,Foreign-born
41,FALSE,956813,35928,4.061945228586986,Foreign-born
42,FALSE,989762,36800,4.080551688183624,Foreign-born
43,FALSE,970431,36597,4.05670985366296,Foreign-born
44,FALSE,977964,37002,4.037535123992294,Foreign-born
45,FALSE,1020375,39477,3.957034423618768,Foreign-born
46,FALSE,970351,38184,3.9194456438958687,Foreign-born
47,FALSE,980429,38428,3.877171115909464,Foreign-born
48,FALSE,982606,38879,3.8193935310795983,Foreign-born
49,FALSE,936425,37962,3.7941372774114317,Foreign-born
50,FALSE,994415,40676,3.711155805171885,Foreign-born
51,FALSE,878868,37148,3.658343459996268,Foreign-born
52,FALSE,892479,37247,3.6036803106851814,Foreign-born
53,FALSE,855452,36414,3.522695604195209,Foreign-born
54,FALSE,868490,36775,3.4634929590438577,Foreign-born
55,FALSE,858869,36775,3.4171357913721416,Foreign-born
56,FALSE,828485,35958,3.3386035957198983,Foreign-born
57,FALSE,806903,35300,3.2783110237537847,Foreign-born
58,FALSE,788094,35079,3.2322603648803314,Foreign-born
59,FALSE,751846,33794,3.1887966418654883,Foreign-born
60,FALSE,762847,33690,3.167662716114765,Foreign-born
61,FALSE,699235,31958,3.125907599018928,Foreign-born
62,FALSE,695979,31875,3.0810139386389532,Foreign-born
63,FALSE,646939,30309,3.0507389413839636,Foreign-born
64,FALSE,617705,29056,3.010540630236116,Foreign-born
65,FALSE,611601,29048,3.0473527675723227,Foreign-born
66,FALSE,551104,26919,3.0495478167460224,Foreign-born
67,FALSE,518100,25491,3.0201698513800426,Foreign-born
68,FALSE,494683,24165,3.000756039726451,Foreign-born
69,FALSE,464397,22964,2.9264530132623596,Foreign-born
70,FALSE,464994,22756,2.941863765984077,Foreign-born
71,FALSE,425096,21158,2.860396239908162,Foreign-born
72,FALSE,402670,20294,2.8313159659274345,Foreign-born
73,FALSE,359006,18682,2.802808309610424,Foreign-born
74,FALSE,344864,17393,2.8009853159506357,Foreign-born
75,FALSE,323899,15979,2.8903145733700937,Foreign-born
76,FALSE,281811,14437,2.7808886097419903,Foreign-born
77,FALSE,254861,13130,2.7701884556679914,Foreign-born
78,FALSE,250322,12476,2.797756489641342,Foreign-born
79,FALSE,227993,11425,2.70722785348673,Foreign-born
80,FALSE,221117,10983,2.7378537154538094,Foreign-born
81,FALSE,192830,9659,2.6938650624902762,Foreign-born
82,FALSE,180087,9077,2.7185360409135586,Foreign-born
83,FALSE,167709,8251,2.675819425314086,Foreign-born
84,FALSE,147626,7370,2.6564561798057253,Foreign-born
85,FALSE,141988,6603,2.678979913795532,Foreign-born
86,FALSE,120577,5790,2.657015848793717,Foreign-born
87,FALSE,108353,4929,2.550432383044309,Foreign-born
88,FALSE,95491,4412,2.532008252086584,Foreign-born
89,FALSE,76237,3514,2.592599393995042,Foreign-born
90,FALSE,62026,2825,2.4736562086866796,Foreign-born
0,TRUE,3399696,138181,4.420514951925114,US-born
1,TRUE,3639894,142835,4.436660792869243,US-born
2,TRUE,3752592,147812,4.521854760656101,US-born
3,TRUE,3831521,151508,4.607753683197874,US-born
4,TRUE,3874261,153593,4.634560242585618,US-born
5,TRUE,3720095,156453,4.675467965199814,US-born
6,TRUE,3760400,158172,4.685094404850548,US-born
7,TRUE,3771792,160047,4.712102098949253,US-born
8,TRUE,3835549,161126,4.713559388760253,US-born
9,TRUE,3902477,163720,4.712790876153786,US-born
10,TRUE,4022924,168270,4.701222046451785,US-born
11,TRUE,4031237,170087,4.671244087112715,US-born
12,TRUE,4065469,172987,4.647239715762192,US-born
13,TRUE,4107985,175947,4.60577655468557,US-born
14,TRUE,4097890,175824,4.545665452220533,US-born
15,TRUE,4016477,174812,4.469966839098046,US-born
16,TRUE,3939398,172855,4.397059652261589,US-born
17,TRUE,3885197,171401,4.310288255653446,US-born
18,TRUE,3531947,141566,4.2343814898694685,US-born
19,TRUE,3090804,124578,4.082530306030405,US-born
20,TRUE,3548430,127736,3.861988541411272,US-born
21,TRUE,3678890,131673,3.6874834528893228,US-born
22,TRUE,3714322,136110,3.4891509136795356,US-born
23,TRUE,3765186,140799,3.325790014092265,US-born
24,TRUE,3768375,142378,3.209998739509736,US-born
25,TRUE,3795038,145838,3.123356077066949,US-born
26,TRUE,3775647,147079,3.0819229128146777,US-born
27,TRUE,3794167,149714,3.082692195678261,US-born
28,TRUE,3798056,152262,3.0830856627706384,US-born
29,TRUE,3758908,152534,3.0992527617063255,US-born
30,TRUE,3849871,159025,3.1427564715804763,US-born
31,TRUE,3611782,152725,3.19226381880191,US-born
32,TRUE,3593220,152657,3.2691997706792235,US-born
33,TRUE,3508637,149861,3.330412065995998,US-born
34,TRUE,3435179,148167,3.3984645341625574,US-born
35,TRUE,3509566,149410,3.470649362342808,US-born
36,TRUE,3377658,146605,3.5163483099828343,US-born
37,TRUE,3334287,146119,3.54921816868194,US-born
38,TRUE,3306293,145019,3.568658918008779,US-born
39,TRUE,3239917,143293,3.6014015173845504,US-born
40,TRUE,3375748,146700,3.5857398123319633,US-born
41,TRUE,3119903,138745,3.5673843064992727,US-born
42,TRUE,3097781,136197,3.5402622070443326,US-born
43,TRUE,3011179,133512,3.509986619858866,US-born
44,TRUE,2964634,131977,3.4528697302938576,US-born
45,TRUE,2913827,132639,3.3751914578319164,US-born
46,TRUE,2884738,132141,3.305290116468116,US-born
47,TRUE,3017034,137843,3.2371507911412336,US-born
48,TRUE,3099195,142497,3.1393248892051,US-born
49,TRUE,3125389,146746,3.061439392024481,US-born
50,TRUE,3265056,155112,2.966146063038429,US-born
51,TRUE,3120692,153083,2.8915721256695632,US-born
52,TRUE,3154765,154537,2.8236971692027772,US-born
53,TRUE,3221474,157733,2.7436123960646586,US-born
54,TRUE,3269786,162005,2.6793906390204127,US-born
55,TRUE,3312384,170816,2.596230690644563,US-born
56,TRUE,3333254,176243,2.5269652417727544,US-born
57,TRUE,3438008,183453,2.47919958301435,US-born
58,TRUE,3499052,187912,2.412353403150339,US-born
59,TRUE,3508806,190185,2.3669068623343668,US-born
60,TRUE,3636499,196332,2.323485858238927,US-born
61,TRUE,3526329,195905,2.275818563724485,US-born
62,TRUE,3488047,196244,2.247573498866271,US-born
63,TRUE,3403002,195317,2.2168235575530075,US-born
64,TRUE,3351242,194220,2.1857538190318695,US-born
65,TRUE,3210394,193675,2.156040037453347,US-born
66,TRUE,3071197,187667,2.1345309337043505,US-born
67,TRUE,2974046,182254,2.1113610885641982,US-born
68,TRUE,2861295,176227,2.0930155751154635,US-born
69,TRUE,2796806,171779,2.074985894624082,US-born
70,TRUE,2759238,168819,2.066348390388941,US-born
71,TRUE,2626007,164026,2.0546719791683725,US-born
72,TRUE,2433166,153308,2.0379957635442874,US-born
73,TRUE,2223576,141786,2.019067034362666,US-born
74,TRUE,2136251,133156,2.004644117194094,US-born
75,TRUE,1965668,124273,1.9940966633225956,US-born
76,TRUE,1726170,109819,1.978197396548428,US-born
77,TRUE,1589664,101902,1.966131836664855,US-born
78,TRUE,1481795,94549,1.9601071673207158,US-born
79,TRUE,1355597,86211,1.9488011555056555,US-born
80,TRUE,1238713,77191,1.94460137255361,US-born
81,TRUE,1090341,68665,1.9173726384681489,US-born
82,TRUE,993963,62658,1.9129434395445304,US-born
83,TRUE,915089,57195,1.9060309980777825,US-born
84,TRUE,819621,50625,1.8790172530962481,US-born
85,TRUE,781278,44638,1.8724372118503272,US-born
86,TRUE,698402,40024,1.853856374981744,US-born
87,TRUE,627997,35440,1.8139943343678393,US-born
88,TRUE,544732,30646,1.8127097361638385,US-born
89,TRUE,433096,23833,1.7752068825387444,US-born
90,TRUE,309364,16644,1.7684766165423256,US-born
