AGE,immig_cohort,weighted_count,count,weighted_mean
0,1919 or earlier,5200,52,4.326923076923077
1,1919 or earlier,5000,50,4.34
2,1919 or earlier,5300,53,4.754716981132075
3,1919 or earlier,7300,73,4.821917808219178
4,1919 or earlier,7200,72,4.888888888888889
5,1919 or earlier,9800,98,5.3979591836734695
6,1919 or earlier,10500,105,5.6571428571428575
7,1919 or earlier,8300,83,5.566265060240964
8,1919 or earlier,10400,104,5.961538461538462
9,1919 or earlier,9200,92,5.793478260869565
10,1919 or earlier,9900,99,5.636363636363637
11,1919 or earlier,7600,76,5.855263157894737
12,1919 or earlier,8400,84,5.559523809523809
13,1919 or earlier,8900,89,5.921348314606742
14,1919 or earlier,9400,94,5.26595744680851
15,1919 or earlier,7800,78,5.346153846153846
16,1919 or earlier,7200,72,5.027777777777778
17,1919 or earlier,8500,85,4.882352941176471
18,1919 or earlier,6500,65,5.153846153846154
19,1919 or earlier,5900,59,4.5423728813559325
20,1919 or earlier,5800,58,3.6551724137931036
21,1919 or earlier,6600,66,4.045454545454546
22,1919 or earlier,6600,66,3.4545454545454546
23,1919 or earlier,6600,66,3.621212121212121
24,1919 or earlier,4800,48,3.4375
25,1919 or earlier,6000,60,3.4
26,1919 or earlier,6500,65,4.046153846153846
27,1919 or earlier,6800,68,4.588235294117647
28,1919 or earlier,6200,62,3.6451612903225805
29,1919 or earlier,5000,50,3.98
30,1919 or earlier,4700,47,4.23404255319149
31,1919 or earlier,6200,62,4.209677419354839
32,1919 or earlier,5800,58,3.6206896551724137
33,1919 or earlier,3600,36,4
34,1919 or earlier,5800,58,4.758620689655173
35,1919 or earlier,4900,49,3.816326530612245
36,1919 or earlier,4900,49,4.244897959183674
37,1919 or earlier,4800,48,3.9166666666666665
38,1919 or earlier,4100,41,4.341463414634147
39,1919 or earlier,4200,42,4.166666666666667
40,1919 or earlier,6300,63,4.714285714285714
41,1919 or earlier,5900,59,4.610169491525424
42,1919 or earlier,6100,61,4.016393442622951
43,1919 or earlier,5100,51,4.098039215686274
44,1919 or earlier,4900,49,3.7551020408163267
45,1919 or earlier,7100,71,3.676056338028169
46,1919 or earlier,10900,109,3.55045871559633
47,1919 or earlier,19700,197,3.720812182741117
48,1919 or earlier,23500,235,3.523404255319149
49,1919 or earlier,27600,276,3.5471014492753623
50,1919 or earlier,31000,310,3.3741935483870966
51,1919 or earlier,24400,244,3.1885245901639343
52,1919 or earlier,25500,255,3.3254901960784315
53,1919 or earlier,25900,259,3.0463320463320462
54,1919 or earlier,32900,329,2.954407294832827
55,1919 or earlier,35100,351,2.9971509971509973
56,1919 or earlier,47000,470,2.853191489361702
57,1919 or earlier,52800,528,2.727272727272727
58,1919 or earlier,56000,560,2.669642857142857
59,1919 or earlier,57900,579,2.6321243523316062
60,1919 or earlier,68700,687,2.497816593886463
61,1919 or earlier,66600,666,2.4294294294294296
62,1919 or earlier,67100,671,2.5126676602086437
63,1919 or earlier,79000,790,2.3556962025316457
64,1919 or earlier,98700,987,2.387031408308004
65,1919 or earlier,109500,1095,2.3123287671232875
66,1919 or earlier,113900,1139,2.2686567164179103
67,1919 or earlier,114400,1144,2.2246503496503496
68,1919 or earlier,110000,1100,2.2154545454545453
69,1919 or earlier,128900,1289,2.3141970519782777
70,1919 or earlier,124900,1249,2.1841473178542836
71,1919 or earlier,121100,1211,2.1866226259289845
72,1919 or earlier,125511,1256,2.236632645744198
73,1919 or earlier,123474,1240,2.240682248894504
74,1919 or earlier,125850,1271,2.2181406436233613
75,1919 or earlier,122940,1244,2.2784529038555394
76,1919 or earlier,117470,1193,2.2236571039414317
77,1919 or earlier,114418,1176,2.264040622978902
78,1919 or earlier,90669,944,2.228766171458823
79,1919 or earlier,91533,963,2.2979144133809664
80,1919 or earlier,95724,1012,2.256717228699177
81,1919 or earlier,86833,976,2.268953047804406
82,1919 or earlier,70021,842,2.37571585667157
83,1919 or earlier,64506,806,2.449663597184758
84,1919 or earlier,59156,777,2.3719994590574074
85,1919 or earlier,48392,674,2.4587121838320383
86,1919 or earlier,38710,566,2.4000516662361147
87,1919 or earlier,36062,546,2.4275137263601576
88,1919 or earlier,27288,438,2.310246262093228
89,1919 or earlier,19866,365,2.465015604550488
90,1919 or earlier,12872,133,2.274316345556246
91,1919 or earlier,7940,87,2.4324937027707807
92,1919 or earlier,8206,129,2.4959785522788205
93,1919 or earlier,34381,1574,2.1906576306681016
94,1919 or earlier,6898,203,2.3032763119744852
95,1919 or earlier,3044,36,2.563731931668857
100,1919 or earlier,7200,72,2.2083333333333335
38,1920s,3000,30,4.866666666666666
39,1920s,3400,34,4.470588235294118
40,1920s,5300,53,4.660377358490566
41,1920s,5900,59,4.559322033898305
42,1920s,8400,84,4.142857142857143
43,1920s,10900,109,4.495412844036697
44,1920s,11500,115,4.304347826086956
45,1920s,12900,129,3.9069767441860463
46,1920s,13000,130,4.023076923076923
47,1920s,16400,164,4.024390243902439
48,1920s,17600,176,3.7045454545454546
49,1920s,14900,149,3.5167785234899327
50,1920s,17200,172,3.366279069767442
51,1920s,10000,100,3.09
52,1920s,9300,93,3.3333333333333335
53,1920s,11800,118,3.1016949152542375
54,1920s,15000,150,3.026666666666667
55,1920s,16200,162,2.7901234567901234
56,1920s,20000,200,2.94
57,1920s,21700,217,2.889400921658986
58,1920s,23800,238,2.7605042016806722
59,1920s,29100,291,2.752577319587629
60,1920s,33600,336,2.4910714285714284
61,1920s,38500,385,2.397402597402597
62,1920s,37400,374,2.4197860962566846
63,1920s,36700,367,2.569482288828338
64,1920s,40500,405,2.308641975308642
65,1920s,36647,377,2.3529893306409804
66,1920s,34127,365,2.308406833299147
67,1920s,30453,341,2.2620759859455553
68,1920s,26285,300,2.292448164352292
69,1920s,25196,313,2.0846959834894427
70,1920s,25341,329,2.276784657274772
71,1920s,21963,337,2.1795292082138142
72,1920s,19016,375,2.308529659234329
73,1920s,19776,443,2.337328074433657
74,1920s,19776,543,2.2077265372168284
75,1920s,18632,565,2.205613997423787
76,1920s,18514,629,2.114399913578913
77,1920s,18145,613,2.0265637916781483
78,1920s,19394,672,2.0424358048881097
79,1920s,18901,743,1.9256124014602403
80,1920s,17468,731,2.03835585069842
81,1920s,16635,711,1.965975353171025
82,1920s,17053,764,2.0820969917316603
83,1920s,16313,740,1.8355299454422853
84,1920s,16136,747,1.9090233019335647
85,1920s,16893,807,1.8286864381696561
86,1920s,17242,856,1.8920658856281174
87,1920s,15979,776,1.9068777770824206
88,1920s,15456,751,1.8458850931677018
89,1920s,13522,661,1.857639402455258
90,1920s,3737,186,1.750869681562751
91,1920s,943,44,1.943796394485684
92,1920s,2355,126,2.2259023354564755
93,1920s,43098,2179,1.9502761149009236
94,1920s,8186,444,1.77901294893721
30,1930s,3200,32,4.46875
31,1930s,3100,31,4.161290322580645
32,1930s,4000,40,3.9
33,1930s,4900,49,4.489795918367347
34,1930s,5200,52,4.326923076923077
35,1930s,4500,45,4.466666666666667
36,1930s,4000,40,4.6
37,1930s,3500,35,5.0285714285714285
38,1930s,5000,50,4.18
39,1930s,4700,47,4.48936170212766
40,1930s,5300,53,4.547169811320755
41,1930s,5800,58,4.586206896551724
42,1930s,5800,58,4.4655172413793105
43,1930s,5400,54,3.962962962962963
44,1930s,8200,82,4.280487804878049
45,1930s,8800,88,4.181818181818182
46,1930s,7700,77,3.792207792207792
47,1930s,11300,113,3.814159292035398
48,1930s,11300,113,3.646017699115044
49,1930s,11500,115,3.5217391304347827
50,1930s,11800,118,3.7203389830508473
51,1930s,7100,71,3.380281690140845
52,1930s,7200,72,3.5555555555555554
53,1930s,7000,70,3.2142857142857144
54,1930s,9000,90,2.6555555555555554
55,1930s,10800,108,2.9074074074074074
56,1930s,9300,93,2.78494623655914
57,1930s,8500,85,2.6823529411764704
58,1930s,10100,101,2.722772277227723
59,1930s,8500,85,2.6470588235294117
60,1930s,7400,74,2.5405405405405403
61,1930s,8667,128,2.4364832121841467
62,1930s,10845,178,2.4221300138312585
63,1930s,10822,212,2.318425429680281
64,1930s,10933,230,2.305771517424312
65,1930s,11118,282,2.2343047310667385
66,1930s,11937,293,2.0599815699086874
67,1930s,11666,333,2.1238642208126177
68,1930s,12421,370,2.140085339344658
69,1930s,12744,388,2.1228813559322033
70,1930s,12702,400,2.0969138718312075
71,1930s,12111,462,2.247543555445463
72,1930s,12535,499,2.0185081771041085
73,1930s,13783,530,1.933323659580643
74,1930s,14742,578,2.0875050875050873
75,1930s,13330,618,1.9321080270067517
76,1930s,13938,648,1.9735256134309083
77,1930s,13357,629,2.006363704424646
78,1930s,15431,713,2.0935778627438273
79,1930s,15176,704,1.9215867158671587
80,1930s,15106,704,2.085065536872766
81,1930s,15242,728,1.8989633906311507
82,1930s,15054,699,1.915703467516939
83,1930s,17950,742,2.1335933147632313
84,1930s,16324,718,2.02542269051703
85,1930s,15197,701,1.8814897677173126
86,1930s,13864,613,1.911136757068667
87,1930s,16675,618,1.944887556221889
88,1930s,12449,549,1.9082657241545506
89,1930s,10841,496,1.827875657227193
90,1930s,6963,227,1.8240700847335918
91,1930s,2635,109,1.9407969639468692
92,1930s,4730,177,2.271881606765328
93,1930s,16972,821,1.9499175111949092
94,1930s,23193,765,1.9617125856939595
95,1930s,10453,376,1.8228259829713958
21,1940s,8000,80,3.5375
22,1940s,11600,116,3.2844827586206895
23,1940s,13900,139,3.366906474820144
24,1940s,13400,134,3.0671641791044775
25,1940s,14300,143,3.3146853146853146
26,1940s,8100,81,3.506172839506173
27,1940s,8000,80,3.6625
28,1940s,7500,75,3.52
29,1940s,5800,58,3.689655172413793
30,1940s,13520,336,3.7840236686390534
31,1940s,17820,591,3.67003367003367
32,1940s,22100,793,3.6814479638009048
33,1940s,24260,917,3.7625721352019785
34,1940s,23660,843,3.949281487743026
35,1940s,23220,845,4.042204995693368
36,1940s,20300,715,4.2620689655172415
37,1940s,19720,698,4.347870182555781
38,1940s,20020,641,4.368631368631369
39,1940s,23960,722,4.184474123539232
40,1940s,29200,776,4.236301369863014
41,1940s,41567,1432,3.9909303052902545
42,1940s,53670,1761,3.987106390907397
43,1940s,58723,1897,3.9358343408885785
44,1940s,61252,2042,3.766930059426631
45,1940s,58131,1902,3.825273950215892
46,1940s,57476,1785,3.766563435172942
47,1940s,57834,1843,3.7017671266037278
48,1940s,50994,1733,3.5598109581519393
49,1940s,52290,1930,3.529393765538344
50,1940s,61202,2276,3.2712166269076173
51,1940s,64824,2741,3.269606935702826
52,1940s,78074,3368,3.0832415400773625
53,1940s,84504,3757,2.988320079522863
54,1940s,95337,4243,2.8344714014495946
55,1940s,98930,4441,2.7998079450116244
56,1940s,101839,4617,2.8078928504796785
57,1940s,107835,4887,2.731181898270506
58,1940s,111497,5173,2.6114603980376154
59,1940s,119933,5724,2.57677203105067
60,1940s,126119,5943,2.494723237577209
61,1940s,115623,5557,2.4299836537713086
62,1940s,122219,5859,2.455027450723701
63,1940s,131601,6326,2.372922698155789
64,1940s,144786,7048,2.3325045239180584
65,1940s,161649,8008,2.290604952706172
66,1940s,169651,8331,2.239833540621629
67,1940s,189275,9268,2.2088654074758947
68,1940s,192520,9482,2.1683357573239146
69,1940s,206353,10194,2.162711470150664
70,1940s,209900,10368,2.173963792282039
71,1940s,196119,9781,2.1231344234877803
72,1940s,201642,10036,2.1384780948413527
73,1940s,200280,9983,2.0869732374675456
74,1940s,225467,10859,2.0441528028491973
75,1940s,239674,11485,2.0530804342565316
76,1940s,234888,11285,2.0361491434215457
77,1940s,233676,11124,2.001985655351855
78,1940s,217055,10452,2.006256478772661
79,1940s,220308,10692,2.024597381847232
80,1940s,212204,10207,2.0015786695821003
81,1940s,182368,8892,1.9955310142130198
82,1940s,178213,8651,1.9759052369916896
83,1940s,167208,8197,2.010202861107124
84,1940s,156457,7695,2.0156848207494713
85,1940s,143929,7093,2.007309159377193
86,1940s,126511,6189,2.001525559042297
87,1940s,106432,5261,1.9912244437763078
88,1940s,90509,4324,2.0536300257432965
89,1940s,78684,3757,2.059999491637436
90,1940s,207630,10175,2.1618311419351732
91,1940s,5160,190,1.9290697674418604
92,1940s,8073,373,2.238573021181717
93,1940s,25585,1256,2.0762165331248776
94,1940s,38700,1329,2.036847545219638
95,1940s,16030,523,1.7618215845290082
10,1950s,8100,81,5.3580246913580245
11,1950s,23000,230,5.391304347826087
12,1950s,34100,341,5.410557184750733
13,1950s,39400,394,5.449238578680203
14,1950s,41700,417,5.364508393285372
15,1950s,38100,381,5.278215223097113
16,1950s,40900,409,5.0733496332518335
17,1950s,40200,402,5.067164179104478
18,1950s,33500,335,4.8
19,1950s,33600,336,4.5773809523809526
20,1950s,44060,795,4.06536541080345
21,1950s,49940,1173,3.8113736483780536
22,1950s,54020,1393,3.3872639763050723
23,1950s,57120,1648,3.379201680672269
24,1950s,56260,1809,3.2683967294703162
25,1950s,57600,1888,3.292708333333333
26,1950s,56780,1907,3.3399084184572034
27,1950s,57840,1912,3.412171507607192
28,1950s,60640,2008,3.4310686015831133
29,1950s,68580,2249,3.558180227471566
30,1950s,69520,2144,3.7364787111622553
31,1950s,98414,3368,3.7382079785396387
32,1950s,113424,4044,3.7641151784454787
33,1950s,128086,4487,3.847992754867823
34,1950s,126511,4178,3.957837658385437
35,1950s,124498,4236,3.9894857748718855
36,1950s,126273,4221,4.070117919111766
37,1950s,129764,4259,4.156830862180574
38,1950s,122352,3974,4.09922191709167
39,1950s,138366,4762,4.03852102395097
40,1950s,155135,5267,3.990743545943855
41,1950s,146424,5313,4.03717969731738
42,1950s,169156,6244,3.9235025656790183
43,1950s,168301,6521,3.811795533003369
44,1950s,172963,6653,3.8364852598532635
45,1950s,176095,6960,3.7250972486441976
46,1950s,170766,6739,3.673219493341766
47,1950s,169256,6624,3.5943068487970886
48,1950s,167303,6746,3.553642194102915
49,1950s,184960,7649,3.417128027681661
50,1950s,198451,8491,3.3048561105764143
51,1950s,184589,8238,3.193126350974327
52,1950s,202671,9134,3.0950456651420284
53,1950s,203526,9323,3.033209516228885
54,1950s,205427,9361,2.931975835698326
55,1950s,208080,9578,2.874778931180315
56,1950s,199873,9137,2.8095290509473516
57,1950s,198661,9193,2.7651929669134856
58,1950s,190965,8967,2.7104862147513944
59,1950s,201193,9446,2.6419905265093715
60,1950s,211648,9934,2.589530730269126
61,1950s,204064,9650,2.5307550572369455
62,1950s,212199,10230,2.5213973675653514
63,1950s,216880,10302,2.4624907783105865
64,1950s,237504,10751,2.420443445163029
65,1950s,247991,11087,2.3861470779181504
66,1950s,233623,10282,2.3346930738839924
67,1950s,237714,10182,2.3422978873772684
68,1950s,239061,10198,2.2966857831264824
69,1950s,233050,9881,2.291422441536151
70,1950s,231358,9853,2.2802539786823885
71,1950s,212584,9140,2.299989651149663
72,1950s,210810,8962,2.2568236800910775
73,1950s,199351,8534,2.255373687616315
74,1950s,192030,8250,2.2332187679008486
75,1950s,186720,7956,2.238758568980291
76,1950s,168512,7228,2.174272455374098
77,1950s,151352,6691,2.1426674242824673
78,1950s,135544,6191,2.1742902673670543
79,1950s,129464,5874,2.138710375084966
80,1950s,126506,5681,2.221523089813922
81,1950s,110709,4989,2.1786394963372446
82,1950s,110309,4782,2.1772656809507835
83,1950s,107866,4594,2.084669868169766
84,1950s,95758,4076,2.050794711668999
85,1950s,92851,3761,2.0868165124769793
86,1950s,83320,3271,2.132321171387422
87,1950s,75340,2884,2.118250597292275
88,1950s,64414,2426,2.0137547738069363
89,1950s,51161,1964,2.0753112722581655
90,1950s,42739,1539,2.1765834483726807
91,1950s,12993,411,1.941122142692219
92,1950s,20326,633,2.356095641050871
93,1950s,37352,1639,2.1291229385307346
94,1950s,61449,1895,2.206626633468405
95,1950s,30230,871,2.0059212702613296
96,1950s,1384,35,2.0411849710982657
0,1960s,13900,139,4.273381294964029
1,1960s,31200,312,4.407051282051282
2,1960s,35700,357,4.434173669467787
3,1960s,42000,420,4.723809523809524
4,1960s,50300,503,4.894632206759443
5,1960s,65500,655,5.116030534351145
6,1960s,72700,727,5.270976616231087
7,1960s,67500,675,5.3496296296296295
8,1960s,77200,772,5.503886010362694
9,1960s,76100,761,5.533508541392904
10,1960s,86020,1229,5.599395489421065
11,1960s,84800,1604,5.570990566037736
12,1960s,76540,1739,5.508492291612229
13,1960s,79780,2001,5.474805715718225
14,1960s,88580,2477,5.4770828629487465
15,1960s,96680,2894,5.3884981381878365
16,1960s,97080,3146,5.221260815822003
17,1960s,103380,3329,5.178564519249371
18,1960s,104180,3441,4.811288155116145
19,1960s,114100,3801,4.440490797546012
20,1960s,109960,3554,4.132048017460895
21,1960s,135335,4604,3.8512136550042486
22,1960s,159361,5241,3.71537578202948
23,1960s,167704,5540,3.5729797738873255
24,1960s,180490,6025,3.4888747299019336
25,1960s,199803,6649,3.403252203420369
26,1960s,213436,6989,3.4261652204876403
27,1960s,221044,7428,3.456402345234433
28,1960s,225814,7472,3.5285899014232953
29,1960s,235567,8179,3.56627201602941
30,1960s,263398,9103,3.6632814220305394
31,1960s,240210,8483,3.7389575787852296
32,1960s,246203,8868,3.8495428569107606
33,1960s,244761,9167,3.8787225088964337
34,1960s,256548,9823,3.9471950668101097
35,1960s,271384,10846,3.9751201249889454
36,1960s,275790,11111,4.017306646361362
37,1960s,278901,11484,4.063040290282215
38,1960s,272205,11415,4.038393857570581
39,1960s,309283,12849,4.069809850525247
40,1960s,322991,13704,4.040134245226647
41,1960s,294592,12614,4.055564984792527
42,1960s,309992,13320,4.021694108235051
43,1960s,307190,13343,3.9913473745890165
44,1960s,302957,13209,3.8791907762487745
45,1960s,325709,14345,3.862340309908538
46,1960s,307790,13633,3.7649143896812762
47,1960s,316431,14138,3.6711320951487054
48,1960s,318244,14235,3.6161687258832846
49,1960s,336989,15229,3.53459311728276
50,1960s,353443,16069,3.4655658762516164
51,1960s,320497,14839,3.380624467623722
52,1960s,329314,15138,3.3179609734174678
53,1960s,337678,15308,3.258251944159821
54,1960s,350317,15192,3.153951992052912
55,1960s,364606,15643,3.087198235903962
56,1960s,374542,15687,3.015210577184935
57,1960s,383346,15990,2.9509320561581442
58,1960s,392856,15873,2.8758985480685033
59,1960s,397345,16182,2.847344247442399
60,1960s,406221,16139,2.786123809453475
61,1960s,387842,15292,2.754126680452349
62,1960s,388192,15406,2.7106869796389415
63,1960s,372346,14339,2.6900758971494256
64,1960s,347787,13875,2.7016392217075396
65,1960s,333665,13735,2.6440681521885723
66,1960s,303619,12589,2.605314555413199
67,1960s,285765,12243,2.6024495652021766
68,1960s,281443,11989,2.6448374981790272
69,1960s,274437,11858,2.5874462991506246
70,1960s,276986,11829,2.5970446159733704
71,1960s,254003,10861,2.537454282036039
72,1960s,252390,10615,2.583632473552835
73,1960s,244256,10179,2.526410814882746
74,1960s,239172,9798,2.515461676115933
75,1960s,241476,9601,2.5158400834865575
76,1960s,223569,8967,2.4420603929882945
77,1960s,206471,8384,2.431295436162948
78,1960s,211142,8049,2.424330545320211
79,1960s,199111,7478,2.423999678571249
80,1960s,186061,6890,2.454582099419008
81,1960s,165810,5980,2.393914721669381
82,1960s,154833,5655,2.3805713252342846
83,1960s,135687,4848,2.45329324106215
84,1960s,115384,4043,2.3671479581224433
85,1960s,110847,3626,2.3794509549198444
86,1960s,85975,3001,2.357801686536784
87,1960s,75997,2509,2.4824006210771477
88,1960s,58736,1968,2.457794197766276
89,1960s,47522,1550,2.3151172088716803
90,1960s,34514,1263,2.5423885959320853
91,1960s,9378,301,2.403710812539987
92,1960s,12735,367,2.475461327051433
93,1960s,27217,1204,2.5781313149869565
94,1960s,46369,1358,2.4243783562293775
95,1960s,25703,668,2.1895887639575147
0,1970s,26600,1330,5.11203007518797
1,1970s,35360,1768,5.025452488687783
2,1970s,45640,2282,4.939526730937774
3,1970s,51960,2598,5.102001539645881
4,1970s,64520,3226,5.220706757594544
5,1970s,75720,3786,5.314580031695721
6,1970s,81820,4091,5.484478122708384
7,1970s,90380,4519,5.527329055100686
8,1970s,95400,4770,5.59433962264151
9,1970s,105800,5290,5.6671077504725895
10,1970s,98300,4915,5.732858596134283
11,1970s,132761,6658,5.715616785049827
12,1970s,151464,7521,5.65711984365922
13,1970s,162976,8092,5.604334380522285
14,1970s,171638,8520,5.592928139456298
15,1970s,189311,9408,5.520149383818161
16,1970s,203430,10230,5.378906749250357
17,1970s,225317,11251,5.292112889839649
18,1970s,222912,11033,5.105606696813092
19,1970s,236198,11683,4.896430113718152
20,1970s,255004,12409,4.589202522313376
21,1970s,255898,12354,4.394743218000922
22,1970s,273671,13217,4.1843417826514315
23,1970s,297482,14276,4.010609045253158
24,1970s,316498,15226,3.89258383939235
25,1970s,346720,16566,3.8382152745731424
26,1970s,351852,16716,3.8181422870979844
27,1970s,382445,18201,3.8327184301010604
28,1970s,383261,18167,3.871236572466283
29,1970s,422383,19989,3.869185076103915
30,1970s,456233,21579,3.939728165213827
31,1970s,419224,19751,4.000140736217392
32,1970s,447388,21024,4.0933552084544065
33,1970s,447827,20960,4.166133350601907
34,1970s,448788,20902,4.2151416704546465
35,1970s,469961,21860,4.28865586718898
36,1970s,468669,21640,4.302388252690065
37,1970s,478234,22214,4.341813840086652
38,1970s,480282,22181,4.353858774636568
39,1970s,495939,23041,4.34341723478089
40,1970s,528138,24238,4.335372573077491
41,1970s,484648,22274,4.300820389230947
42,1970s,519014,23615,4.267410898357269
43,1970s,519134,23402,4.269548902595476
44,1970s,512452,22532,4.165441836503711
45,1970s,560519,24304,4.099885998512093
46,1970s,548792,23020,4.014234901383402
47,1970s,566692,23456,3.945413028594016
48,1970s,583417,23642,3.9053490042285364
49,1970s,593199,24044,3.8141112847459286
50,1970s,619526,25120,3.750186432853504
51,1970s,567246,22542,3.6227403983456914
52,1970s,581538,23177,3.5689894727429676
53,1970s,556435,22171,3.4936641296827124
54,1970s,528157,21154,3.487832216556819
55,1970s,517666,21062,3.4114235820007495
56,1970s,478890,19871,3.3789513249389214
57,1970s,483721,19806,3.333471153826276
58,1970s,477417,19336,3.2470754078719444
59,1970s,478855,19245,3.215965166908563
60,1970s,497669,19543,3.18373657993566
61,1970s,460519,18250,3.170338248801895
62,1970s,469956,18261,3.1038480198146208
63,1970s,446594,17501,3.088086718585561
64,1970s,452540,17058,3.0428602996420206
65,1970s,435123,16816,3.0167515851839597
66,1970s,406773,15388,3.005152751042965
67,1970s,411342,15176,2.960718817917937
68,1970s,395811,14491,2.8884972878469775
69,1970s,373392,13985,2.8721531259373525
70,1970s,388209,13569,2.862324160439351
71,1970s,346789,12267,2.785105640605671
72,1970s,333566,11634,2.7711007716613802
73,1970s,301083,10604,2.792754821760113
74,1970s,277278,9768,2.8602882305844677
75,1970s,261610,8935,2.741275180612362
76,1970s,231190,7870,2.7671785111812794
77,1970s,203120,6802,2.680947223316266
78,1970s,175839,6201,2.8211773269866183
79,1970s,162788,5467,2.617496375654225
80,1970s,141850,4864,2.698597109622841
81,1970s,113550,4013,2.6881902245706737
82,1970s,109303,3629,2.685241942124187
83,1970s,88588,3022,2.6362938546981534
84,1970s,80731,2736,2.8106551386703993
85,1970s,75403,2568,2.77894778722332
86,1970s,61100,2072,2.7806546644844516
87,1970s,50987,1633,2.7185360974366013
88,1970s,43099,1465,2.7573261560593054
89,1970s,32365,1091,2.7758689942839485
90,1970s,28701,947,2.765687606703599
91,1970s,6854,190,2.6768310475634665
92,1970s,14249,390,2.9158537441223946
93,1970s,28646,1192,3.1889967185645465
94,1970s,39531,1217,2.74250588146012
95,1970s,14113,420,2.538227166442287
0,1980s,43678,2071,5.520834287284217
1,1980s,77956,3742,5.224293191030838
2,1980s,104079,5086,5.184484862460247
3,1980s,115008,5574,5.202707637729549
4,1980s,121505,6037,5.30978972058763
5,1980s,140117,6695,5.367742672195379
6,1980s,144786,6984,5.4135482712416945
7,1980s,151083,7319,5.457040169972797
8,1980s,151231,7306,5.480258677123077
9,1980s,167877,8106,5.4650845559546575
10,1980s,182423,8808,5.53105693909211
11,1980s,187768,9039,5.529296791785608
12,1980s,215731,10342,5.493234630164418
13,1980s,225052,10838,5.532321419049819
14,1980s,244471,11756,5.51871592131582
15,1980s,262791,12776,5.476116000928495
16,1980s,274276,13393,5.4394660852571866
17,1980s,299980,14670,5.452316821121408
18,1980s,319531,15261,5.407810196819714
19,1980s,334787,15945,5.242604999596758
20,1980s,405317,18677,5.027070169768354
21,1980s,412999,18768,4.855108608011157
22,1980s,449815,20347,4.66286139857497
23,1980s,484836,21764,4.5336526165548765
24,1980s,507235,22822,4.4069001547606135
25,1980s,571494,24965,4.263173366649519
26,1980s,583745,25438,4.24920984333913
27,1980s,619332,27099,4.273131373802742
28,1980s,625489,27378,4.216592138310985
29,1980s,639678,28170,4.168719261878633
30,1980s,720842,31371,4.184205415333735
31,1980s,673865,29702,4.181819800701921
32,1980s,725682,31880,4.276757588034428
33,1980s,733721,31838,4.3276081780404265
34,1980s,771382,32615,4.318097907392187
35,1980s,851644,34717,4.328104231345492
36,1980s,833201,33687,4.34939708425698
37,1980s,848955,33794,4.322628407866142
38,1980s,869766,33632,4.308267970925513
39,1980s,861306,33548,4.307660692018865
40,1980s,944312,36175,4.290830784740637
41,1980s,837689,32283,4.259906719558213
42,1980s,877853,32979,4.224350773990634
43,1980s,852972,32160,4.223620470542995
44,1980s,822267,31105,4.191262692045284
45,1980s,854907,32270,4.137310841998018
46,1980s,777772,29802,4.091358392948062
47,1980s,763418,29696,4.028833483098381
48,1980s,761877,29127,3.997834296087164
49,1980s,759178,28841,3.910629654705484
50,1980s,819987,30787,3.867790586923939
51,1980s,715049,27312,3.830737473935353
52,1980s,750163,27985,3.7726974004316394
53,1980s,763841,27374,3.68699768669134
54,1980s,752522,26794,3.6463080149151788
55,1980s,771692,26713,3.575180253261664
56,1980s,721662,25013,3.537385923049849
57,1980s,716605,24352,3.4656889081153492
58,1980s,702628,23655,3.4113883875962814
59,1980s,679024,22499,3.34550914253399
60,1980s,691492,22706,3.3176956494073684
61,1980s,609596,20276,3.2168304910137206
62,1980s,615284,20166,3.222235585518232
63,1980s,571749,18500,3.1709963637890053
64,1980s,518924,16967,3.1550111384326027
65,1980s,506152,16565,3.1411058338206703
66,1980s,435432,14514,3.0813674695474838
67,1980s,409592,13322,3.092487157952304
68,1980s,368745,12173,3.060253020379937
69,1980s,332813,11194,3.04707147857806
70,1980s,324757,10637,3.0838842580760386
71,1980s,268452,9135,2.9989718832416967
72,1980s,266286,8607,2.9606175315262537
73,1980s,222637,7545,2.995930595543418
74,1980s,205556,6883,3.0124734865438128
75,1980s,189039,6352,3.095054459661763
76,1980s,164051,5593,3.011063632650822
77,1980s,144087,4951,3.0434043321049087
78,1980s,134855,4654,3.0391754106262283
79,1980s,116313,4019,3.095681480144094
80,1980s,113803,3814,3.03642258991415
81,1980s,92677,3153,3.114828921954746
82,1980s,80745,2788,3.116960802526472
83,1980s,71850,2500,2.9705775922059847
84,1980s,65917,2302,3.133106785806393
85,1980s,60537,1981,3.0555197647719576
86,1980s,52104,1740,3.0754836480884387
87,1980s,43330,1498,3.1360027694438033
88,1980s,42795,1316,3.1275849982474586
89,1980s,28255,1040,2.8963723234825696
90,1980s,21528,703,3.266164994425864
91,1980s,5332,175,2.9722430607651913
92,1980s,10873,337,3.0916030534351147
93,1980s,24397,1092,3.4292331024306266
94,1980s,40988,1254,2.9902898409290524
95,1980s,15988,431,2.4904928696522393
1,1990s,71493,3452,5.781614983285077
2,1990s,101719,4860,5.791671172543969
3,1990s,113203,5418,5.309735607713576
4,1990s,131870,6310,5.465094411162508
5,1990s,158695,7349,5.463751220895428
6,1990s,163186,7618,5.277272560146091
7,1990s,186192,8764,5.459074503738077
8,1990s,208279,9794,5.6039303050235505
9,1990s,233469,11039,5.560387032111329
10,1990s,265506,12544,5.394691645386545
11,1990s,256102,12021,5.2489398755183485
12,1990s,276876,12970,5.346638928617865
13,1990s,288583,13472,5.315375472567684
14,1990s,312481,14452,5.238862522841389
15,1990s,331460,15723,5.214970132142642
16,1990s,358985,16820,5.201415100909509
17,1990s,394288,18647,5.163654486060951
18,1990s,426286,19069,5.149247219003205
19,1990s,449432,20261,5.065349151818295
20,1990s,540102,22442,4.815260821104162
21,1990s,570323,23685,4.695195529550799
22,1990s,614169,25671,4.53162403182186
23,1990s,656280,27442,4.375380934966782
24,1990s,718777,29245,4.25770997124282
25,1990s,805619,31283,4.02768430238115
26,1990s,825107,31622,4.063045156567572
27,1990s,908931,34317,4.081108466979342
28,1990s,915153,34032,3.9731706064450427
29,1990s,936359,34266,3.887138373209421
30,1990s,1030763,36788,3.9246073054620703
31,1990s,953952,33868,3.9194907081278725
32,1990s,983689,34410,3.981567344963703
33,1990s,949178,33454,4.033798718470087
34,1990s,975576,34661,4.097194887943123
35,1990s,1050411,36008,4.1533704426172235
36,1990s,1010338,35199,4.213789840627592
37,1990s,965387,34012,4.194439121305757
38,1990s,984578,34177,4.248254582166167
39,1990s,962951,33713,4.254415852935404
40,1990s,1048231,35705,4.253550982560141
41,1990s,928558,31919,4.269576052330603
42,1990s,988372,32415,4.250470470632515
43,1990s,980234,31873,4.231417192221449
44,1990s,960130,31113,4.159606511618218
45,1990s,1016473,32743,4.1276177527588045
46,1990s,968679,31017,4.063003327211594
47,1990s,960726,29955,4.024648026596553
48,1990s,974374,30020,3.939019308807501
49,1990s,932922,28605,3.906874315323253
50,1990s,980584,29543,3.820180627054898
51,1990s,843134,25960,3.7234852348499765
52,1990s,823666,24820,3.646828933086955
53,1990s,776461,23307,3.5625704317409372
54,1990s,735371,22119,3.508049678325634
55,1990s,700030,21179,3.448335071354085
56,1990s,652751,19378,3.418954547752512
57,1990s,600236,18174,3.4034296510039383
58,1990s,565755,17039,3.312023755866055
59,1990s,513681,15505,3.243396193357356
60,1990s,504097,15142,3.288744031406654
61,1990s,424707,13359,3.1875810853129334
62,1990s,416679,12942,3.2222142224590153
63,1990s,376619,11600,3.160092825906287
64,1990s,332523,10866,3.1888771603768764
65,1990s,323740,10504,3.25699944399827
66,1990s,274069,8940,3.1879453714210655
67,1990s,268195,8495,3.1845895710210854
68,1990s,245464,7847,3.30407310236939
69,1990s,226097,7256,3.1706922250184655
70,1990s,219087,7113,3.198610597616472
71,1990s,180612,6101,3.1544581755365093
72,1990s,174723,6005,3.222758308866034
73,1990s,156781,5374,3.2195801787206357
74,1990s,148760,4956,3.3243681097069104
75,1990s,139072,4569,3.2584632420616657
76,1990s,115238,3926,3.2264010135545567
77,1990s,108152,3523,3.231313336785265
78,1990s,94092,3253,3.3681290651702587
79,1990s,89774,3032,3.2860293626216945
80,1990s,87007,2962,3.2553472709092373
81,1990s,72333,2480,3.1183000843321858
82,1990s,71147,2363,3.0869326886586927
83,1990s,59621,2056,3.1494943056976568
84,1990s,58068,1967,3.0451711786181717
85,1990s,52834,1700,2.9041904834008405
86,1990s,39116,1338,3.30110440740362
87,1990s,39633,1232,2.922413140564681
88,1990s,32135,968,3.3229189357398474
89,1990s,23014,834,3.2774398192404623
90,1990s,14894,462,2.794279575668054
91,1990s,5179,143,2.75381347750531
92,1990s,10382,289,3.5228279714891158
93,1990s,17354,793,3.528696554108563
94,1990s,37199,1035,2.9902416731632573
95,1990s,13813,351,2.7915007601534785
0,2000s,80558,3791,6.231460562576032
1,2000s,52567,2386,5.467308387391329
2,2000s,59343,2697,4.948182599464133
3,2000s,85558,3831,5.141646602304869
4,2000s,100808,4475,4.901634790889612
5,2000s,115793,5193,4.879785479260405
6,2000s,134538,5944,5.048997309310381
7,2000s,150499,6605,4.997136193595971
8,2000s,169400,7273,4.999710743801653
9,2000s,189939,8099,5.065847456288598
10,2000s,203783,8705,5.046902832915405
11,2000s,222269,9295,4.930453639508883
12,2000s,247810,10328,5.0337234171340945
13,2000s,261669,10727,4.9753581815194
14,2000s,306985,11813,4.872961219603564
15,2000s,353834,12977,4.84159803749781
16,2000s,402113,14483,4.843243068490698
17,2000s,426820,15105,4.735820720678507
18,2000s,447858,14945,4.8027008560749165
19,2000s,462940,15251,4.741236445327688
20,2000s,547199,16429,4.390256561141376
21,2000s,610032,17584,4.347140805728224
22,2000s,678266,19283,4.258398622369395
23,2000s,697423,19809,4.054751563971936
24,2000s,715999,20612,3.963212239123239
25,2000s,783492,22220,3.9189538629622254
26,2000s,773167,22211,3.840584246352987
27,2000s,783838,23136,3.852173535858175
28,2000s,798794,23576,3.812621276574436
29,2000s,775303,23605,3.7381075527890384
30,2000s,908418,26629,3.838722922707388
31,2000s,810069,24441,3.788508139430098
32,2000s,861785,25810,3.888577777519915
33,2000s,867500,25677,3.9421394812680117
34,2000s,913493,26406,3.99968582134729
35,2000s,1017650,28010,4.065619810347369
36,2000s,975595,26966,4.136304511605738
37,2000s,978660,26661,4.184479798908712
38,2000s,998259,26714,4.160266023146297
39,2000s,978806,25919,4.1711299276874065
40,2000s,1045883,27296,4.186742685367292
41,2000s,923638,24189,4.118248707827092
42,2000s,936067,24181,4.1145740636086945
43,2000s,876878,22551,4.06906548003257
44,2000s,853193,22004,4.058768649062991
45,2000s,845862,22183,4.027440646346567
46,2000s,763855,20039,3.9137912300109314
47,2000s,724443,19005,3.9024712779335298
48,2000s,686243,17932,3.792384038890014
49,2000s,628724,16411,3.7563716352485352
50,2000s,615049,16385,3.683965017421376
51,2000s,528351,14285,3.6279480875402905
52,2000s,509904,13441,3.5628471241645485
53,2000s,462774,12347,3.5698289013643807
54,2000s,443327,11782,3.4894716541063366
55,2000s,394047,11023,3.476519298459321
56,2000s,353992,10012,3.3891020136048273
57,2000s,338727,9306,3.409217452402672
58,2000s,310297,8879,3.3158619000505967
59,2000s,290568,8009,3.2899218083202557
60,2000s,287478,7784,3.3768184000166968
61,2000s,251938,6886,3.313061149965468
62,2000s,235993,6755,3.3014792811651192
63,2000s,211355,6021,3.32719358425398
64,2000s,191414,5536,3.361065543795125
65,2000s,183069,5343,3.418984098891675
66,2000s,164444,4850,3.445641069300187
67,2000s,146264,4446,3.424301263468796
68,2000s,148449,4141,3.490572519855304
69,2000s,122207,3730,3.4541802024433954
70,2000s,126849,3844,3.5581202847480076
71,2000s,106618,3312,3.576300437074415
72,2000s,103854,3116,3.579284379994993
73,2000s,95690,2813,3.4164175984951406
74,2000s,88567,2561,3.4962457800309372
75,2000s,82469,2456,3.5911554644775614
76,2000s,70074,2144,3.656063589919228
77,2000s,62025,1923,3.5434421604191857
78,2000s,58075,1773,3.656926388291003
79,2000s,53365,1506,3.6566101377307225
80,2000s,50741,1469,3.638714254744684
81,2000s,47196,1370,3.3264047800661074
82,2000s,37526,1155,3.5135372808186323
83,2000s,39933,1104,3.4028497733703955
84,2000s,32061,890,3.4149901749789464
85,2000s,27354,795,3.2755355706660816
86,2000s,24867,683,3.4182651707081675
87,2000s,17829,522,3.2401144203264343
88,2000s,19095,489,3.3884262896046087
89,2000s,11684,355,3.4136425881547416
90,2000s,8371,247,3.4111814598016963
91,2000s,3313,99,2.9873226682764864
92,2000s,5507,174,3.558017069184674
93,2000s,3875,171,3.900645161290323
94,2000s,16780,442,3.154648390941597
95,2000s,5452,150,3.3934336023477623
0,2010s,39980,1666,5.43791895947974
1,2010s,68870,2575,5.179410483519675
2,2010s,88422,3345,5.074687295017077
3,2010s,116624,4077,4.982936616819866
4,2010s,159790,4952,4.915094811940672
5,2010s,205706,6193,4.949077810078461
6,2010s,255815,7037,4.9675077692863985
7,2010s,306403,7936,4.9875327591440035
8,2010s,340910,8516,4.967519286615236
9,2010s,384510,9085,4.955754076616993
10,2010s,392676,9376,4.910244068901588
11,2010s,413159,9395,4.99956191199998
12,2010s,420407,9145,4.88611750042221
13,2010s,419514,8827,4.894670976415567
14,2010s,393569,8201,4.871036590788401
15,2010s,358625,8250,4.791445102823284
16,2010s,362397,8293,4.787100886596743
17,2010s,340275,8174,4.67258540886048
18,2010s,347724,7901,4.72790201424118
19,2010s,333994,7788,4.4739516278735545
20,2010s,375994,8320,4.320185960414262
21,2010s,405175,8987,4.093083235638922
22,2010s,441171,9928,3.9056714969932296
23,2010s,467542,10369,3.7848578309542242
24,2010s,498664,11160,3.585225723132209
25,2010s,547644,12614,3.5666564410456427
26,2010s,574813,13221,3.4403623439275033
27,2010s,596045,13755,3.380122306201713
28,2010s,649757,14755,3.3392622164901646
29,2010s,658032,15239,3.2693774770831814
30,2010s,753036,16684,3.350972596263658
31,2010s,694516,15816,3.3884863703643977
32,2010s,731735,16428,3.414154031172487
33,2010s,716020,15845,3.521020362559705
34,2010s,691746,15451,3.56491689146016
35,2010s,724987,15762,3.642008753260403
36,2010s,681162,14783,3.733136904290022
37,2010s,635012,13994,3.7473827266256388
38,2010s,631412,13503,3.8389751857741063
39,2010s,578286,12242,3.827102852221911
40,2010s,609751,12437,3.847554165552824
41,2010s,520959,10893,3.8989114306500126
42,2010s,476899,10128,3.8406874411563034
43,2010s,456403,9420,3.901161911731518
44,2010s,391087,8706,3.8256858448375937
45,2010s,390282,8578,3.7985841007271666
46,2010s,343605,7709,3.723356761397535
47,2010s,330752,7399,3.7749915344427243
48,2010s,308127,6931,3.744741616281598
49,2010s,278353,6248,3.7038939763537666
50,2010s,290128,6534,3.650195775657641
51,2010s,249342,5667,3.615199204305733
52,2010s,240381,5407,3.5483669674391902
53,2010s,215077,4959,3.5676292676576296
54,2010s,205147,4858,3.4773503877707204
55,2010s,189617,4464,3.4963900916057105
56,2010s,172550,4263,3.4738800347725296
57,2010s,165230,4033,3.466156267021727
58,2010s,156334,3781,3.5609848145636906
59,2010s,147326,3570,3.4840557674816393
60,2010s,146039,3571,3.5166222721327864
61,2010s,123070,3170,3.484244738766556
62,2010s,120201,3163,3.6444372342992155
63,2010s,118554,3012,3.5803093948749094
64,2010s,106064,2835,3.737705536279982
65,2010s,107101,2839,3.868292546288083
66,2010s,98238,2533,3.8335165618192555
67,2010s,93930,2400,3.8005748961992976
68,2010s,91461,2324,3.7234887001016825
69,2010s,80325,2139,3.75942732648615
70,2010s,78137,2063,3.7769686576141903
71,2010s,70488,1925,3.736565089093179
72,2010s,63158,1842,3.69962633395611
73,2010s,63571,1692,3.729373456450268
74,2010s,56291,1496,3.7825229610417295
75,2010s,50782,1339,3.931649009491552
76,2010s,47070,1229,3.673953685999575
77,2010s,36573,1040,3.9575916659831023
78,2010s,35607,985,4.071755553683264
79,2010s,30126,839,3.6878111929894444
80,2010s,31158,880,3.687271326786058
81,2010s,28599,715,3.6373299765726075
82,2010s,23533,655,3.851782603153019
83,2010s,22215,570,3.863920774251632
84,2010s,17885,497,3.7422421023203802
85,2010s,17122,442,3.61295409414788
86,2010s,16111,378,3.560859040407175
87,2010s,11732,293,3.5674224343675416
88,2010s,11121,259,3.288013667835626
89,2010s,7400,198,3.4628378378378377
90,2010s,5389,148,3.8246427908702914
91,2010s,2007,63,3.9063278525161933
92,2010s,3577,101,3.8568632932625104
93,2010s,1135,44,3.79647577092511
94,2010s,9095,215,3.736118746564046
95,2010s,5091,132,3.387153800824985
0,2020s,89767,1648,5.711497543640759
1,2020s,119659,1770,5.466818208408895
2,2020s,143445,1858,5.180222384886194
3,2020s,137199,1747,5.1869328493647915
4,2020s,143633,1551,5.301929222393182
5,2020s,126164,1471,5.287054944358137
6,2020s,103643,1256,5.117046013720174
7,2020s,101629,1174,5.119375375138986
8,2020s,99945,1141,4.991425283906149
9,2020s,85692,1008,5.221794333193297
10,2020s,90321,1015,4.971125208976871
11,2020s,83640,1006,4.9902199904351985
12,2020s,80313,1001,5.071893715836788
13,2020s,79857,938,4.936724394855805
14,2020s,78304,897,4.910298324478954
15,2020s,86430,1054,4.973643410852713
16,2020s,90703,1078,4.847667662591094
17,2020s,86875,1123,4.675142446043165
18,2020s,95263,1136,4.889306446364276
19,2020s,108119,1224,4.487185416069331
20,2020s,121494,1417,4.130516733336625
21,2020s,133595,1527,3.9297952767693403
22,2020s,147564,1784,3.9958933073107263
23,2020s,170057,2048,3.802348624284799
24,2020s,164120,2066,3.720229100658055
25,2020s,186472,2245,3.526261315371745
26,2020s,186042,2265,3.515996387912407
27,2020s,181395,2248,3.4350616058877037
28,2020s,177768,2239,3.281985509203006
29,2020s,175161,2204,3.260605956805453
30,2020s,192001,2351,3.45503929667033
31,2020s,172931,2096,3.278492577964622
32,2020s,166635,2081,3.3682299636931017
33,2020s,163614,2041,3.5603065752319485
34,2020s,157455,1827,3.626636181766219
35,2020s,160785,1870,3.5582299343844266
36,2020s,141845,1607,3.659677817335824
37,2020s,141159,1654,3.6984464327460524
38,2020s,132583,1511,3.791579614279357
39,2020s,105844,1290,3.787574165753373
40,2020s,126036,1434,3.845964645022057
41,2020s,93877,1156,3.9323902553341075
42,2020s,90753,1140,3.7836875915947683
43,2020s,84708,1008,3.826923076923077
44,2020s,77509,913,3.8019842856958546
45,2020s,72350,864,4.016682791983414
46,2020s,66157,794,3.8208504013180766
47,2020s,62544,788,3.72843118444615
48,2020s,61985,716,3.7059288537549406
49,2020s,51872,689,3.7033852560148057
50,2020s,52590,642,3.9281232173417
51,2020s,47700,609,3.7436058700209642
52,2020s,44234,589,3.5650178595650406
53,2020s,41857,539,3.4341687172993764
54,2020s,39784,514,3.6647898652724713
55,2020s,40152,539,3.4903865311815103
56,2020s,33183,489,3.729921947985414
57,2020s,35483,498,3.6829185807287996
58,2020s,31430,459,3.6221126312440344
59,2020s,32072,478,3.7402407084060862
60,2020s,30771,485,3.818140456923727
61,2020s,28633,476,4.022177208116509
62,2020s,26742,449,3.8552090344776007
63,2020s,27676,459,3.909777424483307
64,2020s,20831,381,3.694205751044117
65,2020s,29863,501,4.0128922077487195
66,2020s,22438,392,3.8224886353507443
67,2020s,23278,405,3.945785720422717
68,2020s,21921,402,4.248209479494548
69,2020s,21652,350,3.8746074265656754
70,2020s,18730,347,3.8869193806727176
71,2020s,17501,324,4.061653619793154
72,2020s,16142,300,3.367426589022426
73,2020s,16564,300,3.804515817435402
74,2020s,16959,275,3.8901468246948525
75,2020s,14343,253,3.6933695879523114
76,2020s,11624,216,3.7622161046111495
77,2020s,8836,165,3.8305794477138977
78,2020s,10141,169,3.7101863721526476
79,2020s,9303,171,3.757820058045792
80,2020s,8956,148,3.5674408217954445
81,2020s,8430,135,3.78576512455516
82,2020s,6887,117,3.7126470161173226
83,2020s,5024,80,3.592157643312102
84,2020s,4730,79,3.532980972515856
85,2020s,3113,56,3.586251204625763
86,2020s,3460,58,4.35606936416185
87,2020s,2113,51,2.7671557027922384
88,2020s,3218,36,3.241143567433188
